Book Id,Title,Author,Author l-f,Additional Authors,ISBN,ISBN13,My Rating,Average Rating,Publisher,Binding,Number of Pages,Year Published,Original Publication Year,Date Read,Date Added,Bookshelves,Bookshelves with positions,Exclusive Shelf,My Review,Spoiler,Private Notes,Read Count,Recommended For,Recommended By,Owned Copies,Original Purchase Date,Original Purchase Location,Condition,Condition Description,BCID
35506021,"All These Worlds (Bobiverse, #3)",Dennis E. Taylor,"Taylor, Dennis E.",,"=""""","=""""",4,4.40,Worldbuilders Press,Kindle Edition,260,2017,2017,2020/11/25,2020/11/25,,,read,,,,1,,,0,,,,,
32068085,Eve out of Her Ruins,Ananda Devi,"Devi, Ananda","J.M.G. Le Clézio, Jeffrey Zuckerman","=""""","=""""",3,4.08,Deep Vellum Publishing,Kindle Edition,160,2016,2006,2021/03/03,2021/02/25,,,read,,,,1,,,0,,,,,
40696972,"The Rosewater Insurrection (The Wormwood Trilogy, #2)",Tade Thompson,"Thompson, Tade",,"=""0316449083""","=""9780316449083""",5,4.01,Orbit,Paperback,374,2019,2019,2021/09/21,2021/09/14,,,read,,,,1,,,0,,,,,
7735333,"Matched (Matched, #1)",Ally Condie,"Condie, Ally",,"=""0525423648""","=""9780525423645""",0,3.65,Dutton Books for Young Readers,Hardcover,369,2010,2010,,2021/10/05,to-read,to-read (#59),to-read,,,,0,,,0,,,,,
44767458,"Dune (Dune, #1)",Frank Herbert,"Herbert, Frank",,"=""059309932X""","=""9780593099322""",0,4.24,Ace Books,Hardcover,688,2019,1965,,2019/12/27,currently-reading,currently-reading (#9),currently-reading,,,,1,,,0,,,,,
1393631,Dune I,Frank Herbert,"Herbert, Frank",,"=""2266155482""","=""""",0,4.42,Pocket,Mass Market Paperback,348,2005,1965,,2021/10/02,to-read,to-read (#58),to-read,,,,0,,,0,,,,,
43885011,"The Rosewater Redemption (The Wormwood Trilogy, #3)",Tade Thompson,"Thompson, Tade",,"=""0316449091""","=""9780316449090""",4,4.09,Orbit,Paperback,416,2019,2019,2021/09/30,2021/09/22,,,read,,,,1,,,0,,,,,
215527,Sublimes paroles et idioties de Nasr Eddin Hodja,Nasreddin Hodja,"Hodja, Nasreddin",Jean-Louis Maunoury,"=""2859408576""","=""9782859408572""",0,4.00,,Mass Market Paperback,635,2002,1990,,2021/04/04,currently-reading,currently-reading (#8),currently-reading,,,,1,,,0,,,,,
38362809,"Rosewater (The Wormwood Trilogy, #1)",Tade Thompson,"Thompson, Tade",,"=""0316449059""","=""9780316449052""",4,3.78,Orbit,Paperback,432,2018,2017,2021/09/14,2021/09/07,,,read,,,,1,,,0,,,,,
2282466,"Soundjata, ou, L'épopée mandingue / Djibril Tamsir Niane",Djibril Tamsir Niane,"Niane, Djibril Tamsir",,"=""2708700782""","=""9782708700789""",0,3.64,Présence africaine,Reliure inconnue,153,2000,1255,,2021/09/07,to-read,to-read (#57),to-read,,,,0,,,0,,,,,
50121213,The Mother Code,Carole Stivers,"Stivers, Carole",,"=""1984806920""","=""9781984806925""",0,3.73,Berkley,Hardcover,352,2020,2020,,2021/08/31,to-read,to-read (#56),to-read,,,,0,,,0,,,,,
48829708,To Sleep in a Sea of Stars,Christopher Paolini,"Paolini, Christopher",,"=""1250762847""","=""9781250762849""",0,3.80,Tor Books,Hardcover,878,2020,2020,,2021/08/31,to-read,to-read (#55),to-read,,,,0,,,0,,,,,
331168,Les Croisades vues par les Arabes,Amin Maalouf,"Maalouf, Amin",,"=""2290119164""","=""9782290119167""",5,4.20,J'Ai Lu,Paperback,315,1999,1983,2021/08/28,2021/08/23,,,read,,,,1,,,0,,,,,
153496,Leo Africanus,Amin Maalouf,"Maalouf, Amin",Peter Sluglett,"=""1561310220""","=""9781561310227""",0,4.20,New Amsterdam Books,Paperback,370,1998,1986,,2021/08/22,to-read,to-read (#54),to-read,,,,0,,,0,,,,,
311690,Samarcande,Amin Maalouf,"Maalouf, Amin",,"=""""","=""""",5,4.24,Le Livre de Poche,Mass Market Paperback,313,2007,1988,2021/08/22,2021/08/14,,,read,,,,1,,,0,,,,,
43293099,The Forest of Enchantments,Chitra Banerjee Divakaruni,"Divakaruni, Chitra Banerjee",,"=""9353025982""","=""9789353025984""",0,4.14,HarperCollins India,Hardcover,372,2019,2019,,2021/08/14,to-read,to-read (#53),to-read,,,,0,,,0,,,,,
15811554,Honor,Elif Shafak,"Shafak, Elif",,"=""0670784834""","=""9780670784837""",0,4.08,Viking,Hardcover,352,2013,2011,,2021/08/14,to-read,to-read (#52),to-read,,,,0,,,0,,,,,
18753656,Lagoon,Nnedi Okorafor,"Okorafor, Nnedi",,"=""1444762753""","=""9781444762754""",0,3.63,Hodder & Stoughton,Paperback,306,2014,2014,,2021/08/14,to-read,to-read (#51),to-read,,,,0,,,0,,,,,
53205922,Remote Control,Nnedi Okorafor,"Okorafor, Nnedi",,"=""125077280X""","=""9781250772800""",5,3.91,Tordotcom,Hardcover,160,2021,2021,2021/08/14,2021/07/15,,,read,,,,1,,,0,,,,,
54120408,Klara and the Sun,Kazuo Ishiguro,"Ishiguro, Kazuo",,"=""059331817X""","=""9780593318171""",3,3.82,Alfred A. Knopf,Hardcover,303,2021,2021,2021/08/09,2021/07/15,,,read,,,,1,,,0,,,,,
29580,Second Foundation (Foundation #3),Isaac Asimov,"Asimov, Isaac",,"=""0553803735""","=""9780553803730""",5,4.25,Bantam Spectra,Hardcover,256,2004,1953,2021/08/02,2021/07/03,,,read,,,,1,,,0,,,,,
17601,"The Will to Change: Men, Masculinity, and Love",bell hooks,"hooks, bell",,"=""0743456084""","=""9780743456081""",4,4.37,Washington Square Press,Paperback,188,2004,2003,2021/07/25,2021/07/04,,,read,,,,1,,,0,,,,,
55845334,Minerai noir ; anthologie personnelle et autres recueils,René Depestre,"Depestre, René",,"=""""","=""9782757876626""",0,5.00,Points,,192,,,,2021/07/04,currently-reading,currently-reading (#7),currently-reading,,,,1,,,0,,,,,
29581,Foundation and Empire (Foundation #2),Isaac Asimov,"Asimov, Isaac",,"=""0553803727""","=""9780553803723""",5,4.21,Spectra Books,Hardcover,244,2004,1952,2021/06/26,2021/06/01,,,read,,,,1,,,0,,,,,
161956,Cahier d'un retour au pays natal,Aimé Césaire,"Césaire, Aimé",,"=""""","=""""",0,4.13,Presence Africaine,Paperback,93,2000,1939,,2021/02/08,to-read,to-read (#39),to-read,,,,0,,,0,,,,,
29579,"Foundation (Foundation, #1)",Isaac Asimov,"Asimov, Isaac",,"=""0553803719""","=""9780553803716""",5,4.18,Bantam,Hardcover,244,2004,1951,2021/06/01,2021/06/01,,,read,,,,1,,,0,,,,,
18488,"Frankenstein, or the Modern Prometheus",Mary Wollstonecraft Shelley,"Shelley, Mary Wollstonecraft",Margaret Brantley,"=""0743487583""","=""9780743487580""",4,3.83,Pocket Books,Mass Market Paperback,324,2004,1818,2021/05/27,2021/05/13,,,read,,,,1,,,0,,,,,
966835,The Last Man,Mary Wollstonecraft Shelley,"Shelley, Mary Wollstonecraft",,"=""0192838652""","=""9780192838650""",0,3.35,Oxford University Press,Paperback,479,1998,1826,,2021/05/25,to-read,to-read (#50),to-read,,,,0,,,0,,,,,
13377622,"Soufi, mon amour",Elif Shafak,"Shafak, Elif",Dominique Letellier,"=""2264054069""","=""9782264054067""",5,4.13,10/18,Mass Market Paperback,480,2011,2009,2021/05/17,2021/04/03,,,read,,,,1,,,0,,,,,
40274582,American Spy,Lauren Wilkinson,"Wilkinson, Lauren",,"=""0812998952""","=""9780812998955""",0,3.52,Random House,Hardcover,292,2019,2019,,2021/05/17,to-read,to-read (#49),to-read,,,,0,,,0,,,,,
44528358,Fouloscopie: Ce que la foule dit de nous,Mehdi Moussaid,"Moussaid, Mehdi",Jacek Wozniak,"=""""","=""""",0,4.32,HumenSciences,Kindle Edition,224,2019,,,2021/05/15,to-read,to-read (#48),to-read,,,,0,,,0,,,,,
149267,The Stand,Stephen King,"King, Stephen",Bernie Wrightson,"=""0385199570""","=""9780385199575""",0,4.33,Doubleday Books,Hardcover,1152,1990,1978,,2021/05/05,to-read,to-read (#47),to-read,,,,0,,,0,,,,,
6288,The Road,Cormac McCarthy,"McCarthy, Cormac",,"=""0307265439""","=""9780307265432""",0,3.97,Alfred A. Knopf,Hardcover,241,2006,2006,,2021/05/05,to-read,to-read (#46),to-read,,,,0,,,0,,,,,
492109,Black Macho and the Myth of the Superwoman,Michele Wallace,"Wallace, Michele",,"=""1859842968""","=""9781859842966""",0,4.11,Verso,Paperback,268,1999,1978,,2021/05/05,to-read,to-read (#45),to-read,,,,0,,,0,,,,,
10288719,Les Iks : Survivre par la cruauté Nord Ouganda,Colin M. Turnbull,"Turnbull, Colin M.",,"=""2266035029""","=""9782266035026""",4,4.33,Presses Pocket,Mass Market Paperback,361,1987,1987,2021/04/28,2021/04/28,,,read,,,,1,,,0,,,,,
54627094,Douces déroutes,Yanick Lahens,"Lahens, Yanick",,"=""2757873962""","=""9782757873960""",0,3.06,,Mass Market Paperback,,2019,2018,,2021/02/06,to-read,to-read (#37),to-read,,,,0,,,0,,,,,
49528624,Nuit d'épine,Christiane Taubira,"Taubira, Christiane",,"=""""","=""""",0,3.89,Plon,Kindle Edition,239,2019,2019,,2021/04/12,currently-reading,currently-reading (#6),currently-reading,,,,1,,,0,,,,,
48892244,un(e) secte,Maxime Chattam,"Chattam, Maxime",,"=""2226319492""","=""""",4,3.76,,,,,,2021/04/12,2021/04/03,,,read,,,,1,,,0,,,,,
34466958,Bullshit Jobs: A Theory,David Graeber,"Graeber, David",,"=""150114331X""","=""9781501143311""",0,4.01,Simon & Schuster,Hardcover,335,2018,2018,,2021/04/04,to-read,to-read (#44),to-read,,,,0,,,0,,,,,
256056,Une si longue lettre,Mariama Bâ,"Bâ, Mariama",,"=""2842612892""","=""9782842612894""",4,3.96,Alphee Editions,Paperback,164,2005,1980,2021/04/03,2021/03/30,,,read,,,,1,,,0,,,,,
41459037,The Lesson,Cadwell Turnbull,"Turnbull, Cadwell",,"=""1538584646""","=""9781538584644""",4,3.59,Blackstone Publishing,Hardcover,286,2019,2019,2021/03/30,2021/03/23,,,read,,,,1,,,0,,,,,
7500150,The Long Song,Andrea Levy,"Levy, Andrea",,"=""0374192170""","=""9780374192174""",0,3.74,"Farrar, Straus and Giroux",Hardcover,320,2010,2010,,2021/02/08,currently-reading,currently-reading (#5),currently-reading,,,,1,,,0,,,,,
443565,Écrire en pays dominé,Patrick Chamoiseau,"Chamoiseau, Patrick",,"=""2070422178""","=""9782070422173""",0,4.00,Gallimard Education,Paperback,349,2002,2002,,2019/12/27,currently-reading,currently-reading (#2),currently-reading,,,,1,,,0,,,,,
36039974,De l'égalité des races humaines : (Complet et intégrale),Anténor Firmin,"Firmin, Anténor",,"=""""","=""""",0,4.65,,Kindle Edition,509,2017,1885,,2019/12/27,currently-reading,currently-reading (#1),currently-reading,,,,1,,,0,,,,,
4936789,Les Affres D'un Défi,Frankétienne,"Frankétienne, Frankétienne",,"=""2858935149""","=""9782858935147""",0,3.50,J.-M. Place,,212,2000,2000,,2021/01/03,currently-reading,currently-reading (#4),currently-reading,,,,1,,,0,,,,,
6149,Beloved,Toni Morrison,"Morrison, Toni",,"=""1400033411""","=""9781400033416""",4,3.90,Vintage,Paperback,324,2004,1987,2021/03/24,2021/03/24,,,read,,,,1,,,0,,,,,
89526,"I, Tituba, Black Witch of Salem",Maryse Condé,"Condé, Maryse","Richard Philcox, Angela Y. Davis","=""0345384202""","=""9780345384201""",4,4.03,Ballantine Books,Paperback,225,1994,1986,2021/03/10,2021/03/07,,,read,,,,1,,,0,,,,,
96024,All Souls' Rising,Madison Smartt Bell,"Bell, Madison Smartt",,"=""1400076536""","=""9781400076536""",0,4.00,Vintage,Paperback,530,2004,1995,,2021/03/03,to-read,to-read (#43),to-read,,,,0,,,0,,,,,
253703,Feeding the Ghosts,Fred D'Aguiar,"D'Aguiar, Fred",,"=""0060955937""","=""9780060955939""",0,3.75,Ecco Press,Paperback,244,2000,1997,,2021/02/25,to-read,to-read (#42),to-read,,,,0,,,0,,,,,
31115,The Farming of Bones,Edwidge Danticat,"Danticat, Edwidge",,"=""0140280499""","=""9780140280494""",4,4.08,Penguin Books,Paperback,312,1999,1998,2021/02/25,2021/02/08,,,read,,,,1,,,0,,,,,
50384125,Rivage de la colère,Caroline Laurent,"Laurent, Caroline",,"=""2365694020""","=""9782365694025""",5,4.35,Les Escales,Paperback,,2020,,2021/02/18,2021/02/16,,,read,,,,1,,,0,,,,,
4682558,The Book of Night Women,Marlon James,"James, Marlon",,"=""1594488576""","=""9781594488573""",5,4.38,Riverhead Books,Hardcover,417,2009,2009,2021/02/14,2021/02/08,,,read,,,,1,,,0,,,,,
44001,Small Island,Andrea Levy,"Levy, Andrea",,"=""0312424671""","=""9780312424671""",0,3.98,Picador USA,Paperback,441,2005,2004,,2021/02/08,to-read,to-read (#41),to-read,,,,0,,,0,,,,,
600404,Krik? Krak!,Edwidge Danticat,"Danticat, Edwidge",,"=""067976657X""","=""9780679766575""",0,4.14,Vintage,Paperback,224,1996,1996,,2021/02/08,to-read,to-read (#40),to-read,,,,0,,,0,,,,,
11535502,Ayiti,Roxane Gay,"Gay, Roxane",,"=""145077671X""","=""9781450776714""",4,4.29,Artistically Declined Press,Paperback,121,2011,2011,2021/02/08,2021/02/06,,,read,,,,1,,,0,,,,,
50884289,La Fabrique du crétin digital,Michel Desmurget,"Desmurget, Michel",,"=""""","=""""",0,4.10,Le Seuil,Kindle Edition,412,2019,2019,,2021/02/08,to-read,to-read (#38),to-read,,,,0,,,0,,,,,
6693201,La couleur de l'aube,Yanick Lahens,"Lahens, Yanick",,"=""2848050632""","=""9782848050638""",0,3.75,Wespieser,Paperback,218,2008,2008,,2021/02/06,to-read,to-read (#36),to-read,,,,0,,,0,,,,,
23265695,Bain de lune,Yanick Lahens,"Lahens, Yanick",,"=""2848051175""","=""9782848051178""",5,3.44,Sabine Wespeiser,Paperback,273,2014,2014,2021/02/06,2021/01/30,,,read,,,,1,,,0,,,,,
35407604,Sugar: The World Corrupted: From Slavery to Obesity,James Walvin,"Walvin, James",,"=""1681776774""","=""9781681776774""",5,3.43,Pegasus Books,Hardcover,352,2018,2017,2021/02/04,2021/01/30,,,read,,,,1,,,0,,,,,
43554618,"Plus jamais esclaves ! De l’insoumission à la révolte, le grand récit d’une émancipation (1492-1838)",Aline Helg,"Helg, Aline",,"=""""","=""9782707188656""",0,4.00,La découverte,,422,2016,,,2021/02/03,to-read,to-read (#35),to-read,,,,0,,,0,,,,,
56281989,"Histoire du sucre, histoire du monde",James Walvin,"Walvin, James",Philippe Pignarre,"=""""","=""""",0,0.0,,Kindle Edition,,2020,,,2021/01/30,to-read,to-read (#34),to-read,,,,0,,,0,,,,,
2739814,La Panse du chacal,Raphaël Confiant,"Confiant, Raphaël",,"=""2070300579""","=""9782070300570""",4,3.47,Folio,Paperback,375,2005,2004,2021/01/30,2021/01/30,,,read,,,,1,,,0,,,,,
20695409,L'an V de la révolution algérienne,Frantz Fanon,"Fanon, Frantz",,"=""2707167630""","=""9782707167637""",4,4.17,La découverte,Paperback,182,2011,1959,,2021/01/27,,,read,,,,1,,,0,,,,,
35486083,L'art subtil de s'en foutre: Un guide à contre-courant pour être soi-même,Mark Manson,"Manson, Mark",,"=""""","=""""",4,3.92,Eyrolles,Kindle Edition,188,2017,2016,2021/01/03,2021/01/03,,,read,,,,1,,,0,,,,,
49461566,Un rien peut tout changer,James Clear,"Clear, James",,"=""""","=""""",0,4.36,Larousse,Kindle Edition,321,2019,2018,,2021/01/26,to-read,to-read (#33),to-read,,,,0,,,0,,,,,
250792,Ain't I a Woman: Black Women and Feminism,bell hooks,"hooks, bell",,"=""089608129X""","=""9780896081291""",5,4.45,South End Press,Paperback,205,1999,1981,2021/01/26,2020/12/13,,,read,,,,1,,,0,,,,,
256387,"Moi, Tituba sorcière...",Maryse Condé,"Condé, Maryse",,"=""2070379299""","=""9782070379293""",0,4.03,Folio,Mass Market Paperback,288,1988,1986,,2021/01/21,to-read,to-read (#32),to-read,,,,0,,,0,,,,,
33606119,Why I'm No Longer Talking to White People About Race,Reni Eddo-Lodge,"Eddo-Lodge, Reni",,"=""140887055X""","=""9781408870556""",4,4.38,Bloomsbury Circus,Hardcover,249,2017,2017,2021/01/19,2020/12/27,,,read,,,,1,,,0,,,,,
28098492,Madame St-Clair. Reine de Harlem (Littérature générale),Raphaël Confiant,"Confiant, Raphaël",,"=""""","=""""",5,3.57,Editions du Mercure de France,Kindle Edition,336,2015,2015,2021/01/13,2021/01/07,,,read,,,,1,,,0,,,,,
29780253,Born a Crime: Stories From a South African Childhood,Trevor Noah,"Noah, Trevor",,"=""0385689225""","=""9780385689229""",5,4.45,Doubleday Canada,Hardcover,289,2016,2016,2020/12/27,2020/07/07,,,read,,,,1,,,0,,,,,
44072352,Un féminisme décolonial,Françoise Vergès,"Vergès, Françoise",,"=""2358721743""","=""9782358721745""",5,4.41,La Fabrique,Paperback,208,2019,2019,2020/12/20,2020/12/17,,,read,,,,1,,,0,,,,,
13576166,Lettres à une noire : récit antillais,Françoise Ega,"Ega, Françoise",,"=""285802071X""","=""9782858020713""",0,4.54,L'harmattan,Paperback,226,1978,1978,,2020/12/20,to-read,to-read (#31),to-read,,,,0,,,0,,,,,
40265832,How to Be an Antiracist,Ibram X. Kendi,"Kendi, Ibram X.",,"=""0525509283""","=""9780525509288""",0,4.37,One World,Hardcover,320,2019,2019,,2020/12/13,to-read,to-read (#30),to-read,,,,0,,,0,,,,,
318742,The Souls of Black Folk,W.E.B. Du Bois,"Bois, W.E.B. Du","Donald B. Gibson, Monica W. Elbert","=""""","=""""",0,4.28,Penguin Classics,Paperback,288,1996,1903,,2020/12/13,to-read,to-read (#29),to-read,,,,0,,,0,,,,,
15796700,Americanah,Chimamanda Ngozi Adichie,"Adichie, Chimamanda Ngozi",Jashar Awan,"=""""","=""""",5,4.30,Alfred A. Knopf,Hardcover,477,2013,2013,2020/12/10,2020/12/04,,,read,,,,1,,,0,,,,,
3181472,Compère général soleil,Jacques Stephen Alexis,"Alexis, Jacques Stephen",,"=""2070287300""","=""9782070287307""",0,4.17,Editions Gallimard,Paperback,350,1982,1955,,2020/08/11,to-read,to-read (#28),to-read,,,,0,,,0,,,,,
1670818,The Heart of the 5 Love Languages,Gary Chapman,"Chapman, Gary",,"=""1881273806""","=""9781881273806""",4,4.32,Northfield Publishing,Hardcover,80,2008,2008,2020/11/18,2020/11/18,,,read,,,,1,,,0,,,,,
33395557,"For We Are Many (Bobiverse, #2)",Dennis E. Taylor,"Taylor, Dennis E.",Ray Porter,"=""""","=""""",5,4.36,Audible Studios,Paperback,320,2017,2017,2020/11/15,2020/11/14,,,read,,,,1,,,0,,,,,
632416,Le Meilleur des mondes,Aldous Huxley,"Huxley, Aldous",Jules Castier,"=""2266128566""","=""9782266128568""",3,3.99,Pocket,Mass Market Paperback,285,2002,1932,2020/11/11,2020/11/07,,,read,,,,1,,,0,,,,,
394057,Un sac de billes,Joseph Joffo,"Joffo, Joseph",,"=""2253029491""","=""9782253029496""",5,3.97,Le Livre de Poche,Mass Market Paperback,284,1982,1973,,2020/11/05,,,read,,,,1,,,0,,,,,
325785,"Capital, Vol. 1: A Critical Analysis of Capitalist Production",Karl Marx,"Marx, Karl","Ernest Mandel, Ben Fowkes","=""0140445684""","=""9780140445688""",0,4.24,Penguin Classics,Paperback,1152,1990,1867,,2020/11/05,to-read,to-read (#27),to-read,,,,0,,,0,,,,,
1032151,La Ferme des animaux,George Orwell,"Orwell, George",Jean Queval,"=""2070375161""","=""9782070375165""",4,3.96,Gallimard,Mass Market Paperback,158,1984,1945,2020/11/05,2020/11/05,,,read,,,,1,,,0,,,,,
40961427,1984,George Orwell,"Orwell, George",,"=""""","=""""",4,4.19,Houghton Mifflin Harcourt,Kindle Edition,298,2013,1949,2020/11/04,2020/11/04,,,read,,,,1,,,0,,,,,
7379502,Le manifeste du Parti communiste/Les luttes de classes en France,Karl Marx,"Marx, Karl",,"=""2264008407""","=""9782264008404""",4,3.61,,,188,1991,,2020/10/30,2020/10/30,,,read,,,,1,,,0,,,,,
402093,"Shōgun (Asian Saga, #1)",James Clavell,"Clavell, James",,"=""""","=""""",5,4.39,Dell,Paperback,1152,2009,1975,2020/10/29,2020/09/05,,,read,,,,1,,,0,,,,,
40141108,Batouala; Veritable Roman Negre,René Maran,"Maran, René",,"=""1314136488""","=""9781314136487""",5,3.39,Hardpress Publishing,Paperback,204,2013,1921,,2020/06/01,,,read,,,,1,,,0,,,,,
40068472,L'autre citoyen: L'idéal républicain et les Antilles après l'esclavage (Le temps des idées),Silyane Larcher,"Larcher, Silyane",,"=""""","=""""",5,5.00,Armand Colin,Kindle Edition,386,2014,,2020/09/21,2020/08/13,,,read,,,,1,,,0,,,,,
35298068,Rapatriés (Cadre rouge),Néhémy Pierre-Dahomey,"Pierre-Dahomey, Néhémy",,"=""""","=""""",3,3.62,Le Seuil,Kindle Edition,192,2017,,2020/09/06,2020/08/27,,,read,,,,1,,,0,,,,,
41215388,Frère d'âme,David Diop,"Diop, David",,"=""2021398242""","=""9782021398243""",3,3.89,SEUIL,Paperback,176,2018,2018,2020/08/11,2020/08/09,,,read,,,,1,,,0,,,,,
25913856,"Papa, est-ce que je peux venir mourir à la maison?",Tony Delsham,"Delsham, Tony",,"=""2950844944""","=""9782950844941""",0,4.00,Editions M.G.G.,Paperback,153,1997,1997,,2020/08/11,to-read,to-read (#26),to-read,,,,0,,,0,,,,,
220362,Manon des sources,Marcel Pagnol,"Pagnol, Marcel",,"=""287706512X""","=""9782877065122""",4,4.18,De Fallois,Mass Market Paperback,285,2004,1962,,2020/08/11,,,read,,,,1,,,0,,,,,
808627,"Le château de ma mère (Souvenirs d'enfance, #2)",Marcel Pagnol,"Pagnol, Marcel",,"=""2877060519""","=""9782877060516""",4,4.09,Editions de Fallois,Paperback,221,1988,1957,,2020/08/11,,,read,,,,1,,,0,,,,,
220334,La Gloire de mon père,Marcel Pagnol,"Pagnol, Marcel",,"=""2877065073""","=""9782877065078""",5,4.01,Editions de Fallois,Mass Market Paperback,216,2004,1957,,2020/08/11,,,read,,,,1,,,0,,,,,
437248,L'Odeur du café,Dany Laferrière,"Laferrière, Dany",,"=""2842612825""","=""9782842612825""",5,3.81,Motifs,Mass Market Paperback,226,2001,1991,,2020/08/11,,,read,,,,1,,,0,,,,,
814281,La Rue Cases Negres: Du Roman Au Film:  Etude Comparative (Critiques Litteraires) (French Edition),Sylvie César,"César, Sylvie",,"=""273842399X""","=""9782738423993""",0,5.00,,,,,,,2020/08/11,,,read,,,,1,,,0,,,,,
18749,Half of a Yellow Sun,Chimamanda Ngozi Adichie,"Adichie, Chimamanda Ngozi",,"=""1400044162""","=""9781400044160""",5,4.30,Knopf,Hardcover,433,2006,2006,2020/08/09,2020/06/04,,,read,,,,1,,,0,,,,,
39717491,"La prochaine fois, le feu",James Baldwin,"Baldwin, James",,"=""2072786207""","=""9782072786204""",4,4.50,Folio,Mass Market Paperback,137,2018,1963,2020/08/05,2020/08/03,,,read,,,,1,,,0,,,,,
818709,"Women, Culture, and Politics",Angela Y. Davis,"Davis, Angela Y.",,"=""0679724877""","=""9780679724872""",0,4.38,Vintage,Paperback,258,1990,1989,,2020/07/15,to-read,to-read (#25),to-read,,,,0,,,0,,,,,
43798285,The Institute,Stephen King,"King, Stephen",,"=""""","=""""",0,4.20,Scribner,Hardcover,561,2019,2019,,2020/07/15,to-read,to-read (#24),to-read,,,,0,,,0,,,,,
190464,The Black Atlantic: Modernity and Double-Consciousness,Paul Gilroy,"Gilroy, Paul",,"=""0674076060""","=""9780674076068""",0,4.04,Harvard University Press,Paperback,280,1995,1993,,2020/07/14,to-read,to-read (#23),to-read,,,,0,,,0,,,,,
353598,"Black Feminist Thought: Knowledge, Consciousness, and the Politics of Empowerment",Patricia Hill Collins,"Collins, Patricia Hill",,"=""0415924847""","=""9780415924849""",0,4.39,Routledge,Paperback,336,1999,1990,,2020/07/14,to-read,to-read (#22),to-read,,,,0,,,0,,,,,
229001,Novel Without a Name,Dương Thu Hương,"Hương, Dương Thu","Nina McPherson, Phan Huy Đường","=""0140255109""","=""9780140255102""",0,3.80,Penguin Books,Paperback,289,1995,1991,,2020/07/14,to-read,to-read (#21),to-read,,,,0,,,0,,,,,
813214,The Mist,Stephen King,"King, Stephen",,"=""""","=""""",4,3.95,Signet,Paperback,230,2007,1980,2020/07/08,2020/06/01,,,read,,,,1,,,0,,,,,
714902,"Noughts & Crosses (Noughts & Crosses, #1)",Malorie Blackman,"Blackman, Malorie",,"=""0552555703""","=""9780552555708""",0,4.22,Corgi Childrens,Paperback,479,2006,2001,,2020/07/03,to-read,to-read (#20),to-read,,,,0,,,0,,,,,
780889,The Sorrow Of War: A Novel of North Vietnam,Bảo Ninh,"Ninh, Bảo","Phan Thanh Hảo, Frank Palmos","=""1573225436""","=""9781573225434""",3,4.01,Riverhead Books/The Berkley Publishing Group/Penguin Putnam Inc.,Paperback,233,1996,1987,2020/07/01,2020/06/14,,,read,,,,1,,,0,,,,,
14617003,Dynamic Prediction in Clinical Survival Analysis,Hans Van Houwelingen,"Houwelingen, Hans Van","Hein Putter, J. C. Van Houwelingen","=""1439835330""","=""9781439835333""",0,0.0,CRC Press,Hardcover,250,2011,2011,,2020/06/16,to-read,to-read (#19),to-read,,,,0,,,0,,,,,
18724829,Joint Models for Longitudinal and Time-To-Event Data: With Applications in R,Dimitris Rizopoulos,"Rizopoulos, Dimitris",,"=""1299992692""","=""9781299992696""",5,4.75,CRC Press,ebook,274,2013,2012,2020/06/16,2020/06/12,,,read,,,,1,,,0,,,,,
2719,The Book of Salt,Monique Truong,"Truong, Monique",,"=""0618446885""","=""9780618446889""",0,3.52,Mariner Books,Paperback,261,2004,2003,,2020/06/14,to-read,to-read (#18),to-read,,,,0,,,0,,,,,
41398025,The Farm,Joanne Ramos,"Ramos, Joanne",,"=""1984853759""","=""9781984853752""",0,3.50,Random House,Hardcover,327,2019,2019,,2020/06/13,to-read,to-read (#17),to-read,,,,0,,,0,,,,,
32109569,"We Are Legion (We Are Bob) (Bobiverse, #1)",Dennis E. Taylor,"Taylor, Dennis E.",,"=""""","=""""",5,4.27,Worldbuilders Press,Kindle Edition,383,2016,2016,2020/06/12,2020/06/06,,,read,,,,1,,,0,,,,,
30811071,La violation d'un pays : Et autres écrits anticolonialistes,Lamine Senghor,"Senghor, Lamine","David Murphy, Paul Vaillant-Couturier","=""2336002280""","=""9782336002286""",0,4.00,Editions L'Harmattan,Paperback,,2012,,,2020/06/10,to-read,to-read (#16),to-read,,,,0,,,0,,,,,
44231714,Chroniques d'un enfant du pays,James Baldwin,"Baldwin, James",Marie Darrieussecq,"=""2072796830""","=""9782072796838""",0,4.37,Gallimard,Paperback,224,2019,1955,,2020/06/10,to-read,to-read (#15),to-read,,,,0,,,0,,,,,
1440929,La Clarté de la lune,Lian Hearn,"Hearn, Lian",Philippe Giraudon,"=""2070426556""","=""9782070426553""",0,4.06,Folio,Mass Market Paperback,434,2005,2004,,2020/06/06,to-read,to-read (#14),to-read,,,,0,,,0,,,,,
1129160,Les Neiges de l'exil,Lian Hearn,"Hearn, Lian",Philippe Giraudon,"=""2070300315""","=""9782070300310""",0,4.03,Folio,Mass Market Paperback,385,2004,2003,,2020/06/06,to-read,to-read (#13),to-read,,,,0,,,0,,,,,
1129149,Le Silence du rossignol,Lian Hearn,"Hearn, Lian",Philippe Giraudon,"=""207030258X""","=""9782070302581""",0,4.06,Folio,Mass Market Paperback,372,2003,2002,,2020/06/06,to-read,to-read (#12),to-read,,,,0,,,0,,,,,
37831407,"File N°002 (Themis Files, #0.5)",Sylvain Neuvel,"Neuvel, Sylvain",,"=""""","=""""",0,3.76,unboundworlds.com,ebook,10,2017,2017,,2020/06/06,to-read,to-read (#11),to-read,,,,0,,,0,,,,,
35820656,"Only Human (Themis Files, #3)",Sylvain Neuvel,"Neuvel, Sylvain",,"=""0399180117""","=""9780399180118""",0,3.66,Del Rey Books,Hardcover,336,2018,2018,,2020/06/06,to-read,to-read (#10),to-read,,,,0,,,0,,,,,
30134847,"Waking Gods (Themis Files, #2)",Sylvain Neuvel,"Neuvel, Sylvain",,"=""1101886722""","=""9781101886724""",0,4.02, Del Rey,Hardcover,336,2017,2017,,2020/06/06,to-read,to-read (#9),to-read,,,,0,,,0,,,,,
25733990,"Sleeping Giants (Themis Files, #1)",Sylvain Neuvel,"Neuvel, Sylvain",,"=""1101886692""","=""9781101886694""",0,3.83,Del Rey,Hardcover,320,2016,2016,,2020/06/06,to-read,to-read (#8),to-read,,,,0,,,0,,,,,
22738563,We Should All Be Feminists,Chimamanda Ngozi Adichie,"Adichie, Chimamanda Ngozi",,"=""""","=""""",5,4.43,Vintage,Kindle Edition,64,2014,2014,2020/06/04,2020/06/01,,,read,,,,1,,,0,,,,,
2739800,Case à Chine,Raphaël Confiant,"Confiant, Raphaël",,"=""2715226411""","=""9782715226418""",0,4.14,Mercure de France,Paperback,437,2007,2007,,2020/06/04,currently-reading,currently-reading (#3),currently-reading,,,,1,,,0,,,,,
32758032,Applied Text Analysis with Python: Enabling Language-Aware Data Products with Machine Learning,Benjamin Bengfort,"Bengfort, Benjamin","Tony Ojeda, Rebecca Bilbro","=""1491963042""","=""9781491963043""",0,3.91,O'Reilly Media,Paperback,332,2018,,,2020/06/04,to-read,to-read (#7),to-read,,,,0,,,0,,,,,
38451327,Deep Learning with R,François Chollet,"Chollet, François",J.J. Allaire,"=""161729554X""","=""9781617295546""",0,4.51,Manning Publications Co.,Paperback,335,2018,,,2020/06/04,to-read,to-read (#6),to-read,,,,0,,,0,,,,,
823788,Creating More Effective Graphs,Naomi B. Robbins,"Robbins, Naomi B.",,"=""047127402X""","=""9780471274025""",0,3.97,Wiley-Interscience,Paperback,402,2004,2004,,2020/06/04,to-read,to-read (#5),to-read,,,,0,,,0,,,,,
41940388,The Test,Sylvain Neuvel,"Neuvel, Sylvain",,"=""1250312833""","=""9781250312839""",5,3.85,St Martin's Press,Paperback,108,2019,2019,2020/06/04,2020/06/01,,,read,,,,1,,,0,,,,,
1842,"Guns, Germs, and Steel: The Fates of Human Societies",Jared Diamond,"Diamond, Jared",,"=""0739467352""","=""9780739467350""",0,4.03,W.W. Norton & Company,Paperback,498,2005,1997,,2020/06/01,to-read,to-read (#4),to-read,,,,0,,,0,,,,,
23692271,Sapiens: A Brief History of Humankind,Yuval Noah Harari,"Harari, Yuval Noah",Prottasha Prachurjo Sayed Fayej Ahmed,"=""""","=""""",0,4.39,Vintage,Paperback,512,2015,2011,,2020/06/01,to-read,to-read (#3),to-read,,,,0,,,0,,,,,
26151525,Commandeur du sucre,Raphaël Confiant,"Confiant, Raphaël",,"=""""","=""""",5,4.50,Ecriture,Kindle Edition,312,1994,1994,,2020/06/01,,,read,,,,1,,,0,,,,,
15596006,Régisseur du rhum,Raphaël Confiant,"Confiant, Raphaël",,"=""2909240231""","=""9782909240237""",4,4.50,Ecriture,Paperback,332,1999,1999,,2020/06/01,,,read,,,,1,,,0,,,,,
25778771,Le Bataillon créole: Guerre de 1914-1918,Raphaël Confiant,"Confiant, Raphaël",,"=""""","=""9782070463039""",0,3.67,Folio,Mass Market Paperback,311,2015,2013,,2020/06/01,,,read,,,,1,,,0,,,,,
3330333,La Montagne ensorcelée,Jacques Roumain,"Roumain, Jacques",,"=""2209059224""","=""9782209059225""",4,3.40,Mémoire d'Encrier,Paperback,162,1987,1931,,2020/06/01,,,read,,,,1,,,0,,,,,
13506431,Les Fantoches,Jacques Roumain,"Roumain, Jacques",,"=""""","=""9993580031""",4,4.00,Fardin,Paperback,102,,1931,,2020/06/01,,,read,,,,1,,,0,,,,,
12125112,L'Hôtel du Bon Plaisir,Raphaël Confiant,"Confiant, Raphaël",,"=""2070437833""","=""9782070437832""",3,3.60,Folio,Mass Market Paperback,306,2010,2009,,2020/06/01,,,read,,,,1,,,0,,,,,
443666,La Vie Scélérate,Maryse Condé,"Condé, Maryse",,"=""226611526X""","=""9782266115261""",5,3.68,Distribooks,Paperback,345,2002,1987,,2020/06/01,,,read,,,,1,,,0,,,,,
37577482,Reves Amers,Maryse Condé,"Condé, Maryse",,"=""2747085007""","=""9782747085007""",4,3.51,Bayard Jeunesse,ebook,,2017,1991,,2020/06/01,,,read,,,,1,,,0,,,,,
22850818,Décoloniser l'esprit,Ngũgĩ wa Thiong'o,"Thiong'o, Ngũgĩ wa",,"=""2358720194""","=""9782358720199""",4,4.32,La Fabrique,,168,2011,1981,,2020/06/01,,,read,,,,1,,,0,,,,,
36823138,Iyewa,Louis Camara,"Camara, Louis",,"=""2359260502""","=""9782359260502""",0,5.00,Amalion Publishing,Paperback,,2018,,,2020/06/01,to-read,to-read (#2),to-read,,,,0,,,0,,,,,
29585615,Le choix de l'Ori,Louis Camara,"Camara, Louis",,"=""2359260375""","=""9782359260373""",4,4.00,Amalion Publishing,Paperback,144,2015,,,2020/06/01,,,read,,,,1,,,0,,,,,
40802347,Là où les chiens aboient par la queue,Estelle-Sarah Bulle,"Bulle, Estelle-Sarah",,"=""""","=""9791034900459""",4,3.93,Liana Levi ,Paperback,285,2018,,,2020/06/01,,,read,,,,1,,,0,,,,,
161971,Discours sur le colonialisme (suivi de Discours sur la Négritude),Aimé Césaire,"Césaire, Aimé",,"=""2708705318""","=""9782708705319""",5,4.36,Ingram,Unknown Binding,92,2000,1950,,2020/06/01,,,read,,,,1,,,0,,,,,
11337,The Bluest Eye,Toni Morrison,"Morrison, Toni",,"=""0452287065""","=""9780452287068""",4,4.08,Plume,Paperback,216,2005,1970,,2020/06/01,,,read,,,,1,,,0,,,,,
2060181,La mulâtresse Solitude,André Schwarz-Bart,"Schwarz-Bart, André",,"=""2020301083""","=""9782020301084""",4,3.53,Seuil,Poche,155,1996,1972,,2020/06/01,,,read,,,,1,,,0,,,,,
14663596,L'homme prédateur : Ce que nous enseigne l'esclavage sur notre temps,Françoise Vergès,"Vergès, Françoise",,"=""2226208895""","=""9782226208897""",3,2.50,Albin Michel,Paperback,226,2011,2011,,2020/06/01,,,read,,,,1,,,0,,,,,
29281164,Nègre Marron,Raphaël Confiant,"Confiant, Raphaël",,"=""2359051334""","=""9782359051339""",3,3.00,Ecriture,ebook,216,2006,,,2020/06/01,,,read,,,,1,,,0,,,,,
635635,"Women, Race & Class",Angela Y. Davis,"Davis, Angela Y.",,"=""0394713516""","=""9780394713519""",4,4.55,Vintage,Paperback,271,1983,1981,,2020/06/01,,,read,,,,1,,,0,,,,,
52938323,Ségou: Les murailles de terre,Maryse Condé,"Condé, Maryse",,"=""2221241142""","=""9782221241141""",4,4.11,Robert Laffont,Paperback,,2019,1984,,2019/12/27,,,read,,,,1,,,0,,,,,
274392,"Black Skin, White Masks",Frantz Fanon,"Fanon, Frantz",Charles Lam Markmann,"=""0802150845""","=""9780802150844""",5,4.26,Grove,Paperback,232,1994,1952,,2019/12/27,,,read,,,,1,,,0,,,,,
66933,The Wretched of the Earth,Frantz Fanon,"Fanon, Frantz","Jean-Paul Sartre, Richard Philcox, Homi K. Bhabha","=""0802141323""","=""9780802141323""",4,4.26,Grove Press,Paperback,320,2005,1961,,2019/12/27,,,read,,,,1,,,0,,,,,
30268406,Diab'-la,Joseph Zobel,"Zobel, Joseph",,"=""2723317412""","=""9782723317412""",0,4.00,Nel - Nouvelles Editions,Paperback,173,2000,,,2019/12/27,to-read,to-read (#1),to-read,,,,0,,,0,,,,,
565338,Black Shack Alley,Joseph Zobel,"Zobel, Joseph","Christian Filostrat, Keith Q. Warner","=""0914478680""","=""9780914478683""",4,4.02,Three Continents Press,Paperback,182,1990,1950,,2019/12/27,,,read,,,,1,,,0,,,,,
3120755,Chronique de la dérive douce,Dany Laferrière,"Laferrière, Dany",,"=""2890055922""","=""9782890055926""",4,3.89,VLB éditeur,,136,1994,1994,,2019/12/27,,,read,,,,1,,,0,,,,,
437194,Pays sans chapeau,Dany Laferrière,"Laferrière, Dany",,"=""2842612698""","=""9782842612696""",4,3.88,Le Serpent à Plumes,,275,1999,1996,,2019/12/27,,,read,,,,1,,,0,,,,,
6933018,L'Énigme du retour,Dany Laferrière,"Laferrière, Dany",,"=""2764606702""","=""9782764606704""",4,4.03,Boréal,Paperback,286,2009,2009,,2019/12/27,,,read,,,,1,,,0,,,,,
204987,Gouverneurs de la rosée,Jacques Roumain,"Roumain, Jacques",,"=""2841092348""","=""9782841092345""",5,3.91,Le Temps des cerises,Paperback,202,2000,1944,,2019/12/27,,,read,,,,1,,,0,,,,,
6307182,Segou. Les murailles de terre. Tome 2,Maryse Condé,"Condé, Maryse",,"=""2253037125""","=""9782253037125""",3,4.33,Le Livre de Poche,Poche,351,1995,1995,,2019/12/27,,,read,,,,1,,,0,,,,,
1830322,Rêves amers,Maryse Condé,"Condé, Maryse",,"=""2747003507""","=""9782747003506""",3,3.51,Bayard Jeunesse,Mass Market Paperback,80,2001,1991,,2019/12/27,,,read,,,,1,,,0,,,,,
16049772,La vie sans fards,Maryse Condé,"Condé, Maryse",,"=""2709636859""","=""9782709636858""",5,3.78,Lattès,Unknown Binding,334,2012,2012,,2019/12/27,,,read,,,,1,,,0,,,,,
193878,Le Cœur à rire et à pleurer,Maryse Condé,"Condé, Maryse",,"=""""","=""""",4,3.87,Pocket,Paperback,154,2002,1999,,2019/12/27,,,read,,,,1,,,0,,,,,
832554,Robinson Crusoe,Daniel Defoe,"Defoe, Daniel",,"=""014062015X""","=""9780140620153""",3,3.68,Penguin Books,Paperback,298,1994,1719,,2019/12/27,,,read,,,,1,,,0,,,,,
949067,"Antan d'enfance (Une enfance créole, #1)",Patrick Chamoiseau,"Chamoiseau, Patrick",,"=""2070400018""","=""9782070400010""",4,3.91,Gallimard Education,Paperback,185,1996,1990,,2019/12/27,,,read,,,,1,,,0,,,,,
36064994,The Old Slave,Patrick Chamoiseau,"Chamoiseau, Patrick",Linda Coverdale,"=""""","=""""",3,3.90,The New Press,Kindle Edition,176,2018,1997,,2019/12/27,,,read,,,,1,,,0,,,,,
949065,Texaco,Patrick Chamoiseau,"Chamoiseau, Patrick","Rose-Myriam Réjouis, Val Vinokurov","=""0679751750""","=""9780679751755""",4,3.92,Vintage,Paperback,416,1998,1992,,2019/12/27,,,read,,,,1,,,0,,,,,
48855,The Diary of a Young Girl,Anne Frank,"Frank, Anne","Barbara Mooyaart-Doubleday, Eleanor Roosevelt","=""""","=""""",2,4.16,Bantam,Mass Market Paperback,283,1993,1947,,2019/12/27,,,read,,,,1,,,0,,,,,
36,The Lord of the Rings: Weapons and Warfare,Chris   Smith,"Smith, Chris","Christopher  Lee, Richard Taylor","=""0618391002""","=""9780618391004""",3,4.59,Houghton Mifflin Harcourt,Paperback,218,2003,2003,,2019/12/27,,,read,,,,1,,,0,,,,,
119,The Lord of the Rings: The Art of the Fellowship of the Ring,Gary Russell,"Russell, Gary",,"=""0618212906""","=""9780618212903""",4,4.62,Houghton Mifflin Harcourt,Hardcover,192,2002,2002,,2019/12/27,,,read,,,,1,,,0,,,,,
13084331,"The Walking Dead, Issue #1",Robert Kirkman,"Kirkman, Robert",Tony Moore,"=""""","=""""",3,4.27,Image Comics,Paperback,26,2003,2003,,2019/12/27,,,read,,,,1,,,0,,,,,
17856572,"Watchmen #1: At Midnight, All The Agents....",Alan Moore,"Moore, Alan","Dave Gibbons, John    Higgins, Len Wein","=""""","=""""",5,4.30,DC Comics,Unknown Binding,35,1986,1986,,2019/12/27,,,read,,,,1,,,0,,,,,
249747,"Artemis Fowl (Artemis Fowl, #1)",Eoin Colfer,"Colfer, Eoin",,"=""""","=""""",3,3.85,Disney-Hyperion,Paperback,396,2003,2001,,2019/12/27,,,read,,,,1,,,0,,,,,
18337259,A Game of Thrones #1,Daniel Abraham,"Abraham, Daniel","George R.R. Martin, Tommy Patterson","=""""","=""9780345536150""",4,4.61,Bantam,ebook,32,2011,2011,,2019/12/27,,,read,,,,1,,,0,,,,,
49552,The Stranger,Albert Camus,"Camus, Albert",Matthew  Ward,"=""""","=""""",3,3.99,Vintage International,Paperback,123,1989,1942,,2019/12/27,,,read,,,,1,,,0,,,,,
34,"The Fellowship of the Ring (The Lord of the Rings, #1)",J.R.R. Tolkien,"Tolkien, J.R.R.","Francis Ledoux, Maria Skibniewska","=""0618346252""","=""9780618346257""",5,4.37,Houghton Mifflin Harcourt,Paperback,398,2003,1954,,2019/12/27,,,read,,,,1,,,0,,,,,
386162,"The Hitchhiker's Guide to the Galaxy (Hitchhiker's Guide to the Galaxy, #1)",Douglas Adams,"Adams, Douglas",,"=""""","=""""",3,4.22,Del Rey,Paperback,193,2007,1979,,2019/12/27,,,read,,,,1,,,0,,,,,
13496,"A Game of Thrones (A Song of Ice and Fire, #1)",George R.R. Martin,"Martin, George R.R.",,"=""0553588486""","=""9780553588484""",4,4.44,Bantam,Mass Market Paperback,835,2005,1996,,2019/12/27,,,read,,,,1,,,0,,,,,
